{"cameraMode":{"drawMode":0,"name":"Shaded","section":"Shading Mode"},"sceneLighting":true,"audioPlay":false,"sceneViewState":{"m_AlwaysRefresh":false,"showFog":true,"showSkybox":true,"showFlares":true,"showImageEffects":true,"showParticleSystems":true,"showVisualEffectGraphs":true,"m_FxEnabled":true},"in2DMode":false,"pivot":{"x":1.8933086395263672,"y":7.788771629333496,"z":10.143108367919922},"rotation":{"x":0.02935340255498886,"y":0.9237410426139832,"z":-0.3751983940601349,"w":0.07250677794218064},"size":1.5728380680084229,"orthographic":false}