{"cameraMode":{"drawMode":0,"name":"Shaded","section":"Shading Mode"},"sceneLighting":false,"audioPlay":false,"sceneViewState":{"m_AlwaysRefresh":false,"showFog":true,"showSkybox":false,"showFlares":true,"showImageEffects":true,"showParticleSystems":true,"showVisualEffectGraphs":true,"m_FxEnabled":true},"in2DMode":false,"pivot":{"x":-0.05238807201385498,"y":0.9091364145278931,"z":-0.21670514345169068},"rotation":{"x":-0.05222572013735771,"y":-0.7039530873298645,"z":0.05206892266869545,"w":-0.7065022587776184},"size":0.17320510745048524,"orthographic":false}