{"cameraMode":{"drawMode":0,"name":"Shaded","section":"Shading Mode"},"sceneLighting":false,"audioPlay":false,"sceneViewState":{"m_AlwaysRefresh":false,"showFog":true,"showSkybox":false,"showFlares":true,"showImageEffects":true,"showParticleSystems":true,"showVisualEffectGraphs":true,"m_FxEnabled":true},"in2DMode":false,"pivot":{"x":-4.167793273925781,"y":5.149437427520752,"z":9.221362113952637},"rotation":{"x":0.033476803451776507,"y":0.9663465619087219,"z":-0.18670880794525147,"w":0.17469891905784608},"size":0.42490601539611819,"orthographic":false}