{"cameraMode":{"drawMode":0,"name":"Shaded","section":"Shading Mode"},"sceneLighting":false,"audioPlay":false,"sceneViewState":{"m_AlwaysRefresh":false,"showFog":true,"showSkybox":false,"showFlares":true,"showImageEffects":true,"showParticleSystems":true,"showVisualEffectGraphs":true,"m_FxEnabled":true},"in2DMode":false,"pivot":{"x":12.03968620300293,"y":12.091216087341309,"z":20.196807861328126},"rotation":{"x":-0.0702526792883873,"y":0.9294238686561585,"z":-0.23656609654426576,"w":-0.27496227622032168},"size":0.2512753903865814,"orthographic":false}